{"cameraMode":{"drawMode":0,"name":"Shaded","section":"Shading Mode"},"sceneLighting":false,"audioPlay":false,"sceneViewState":{"m_AlwaysRefresh":false,"showFog":true,"showSkybox":false,"showFlares":true,"showImageEffects":true,"showParticleSystems":true,"showVisualEffectGraphs":true,"m_FxEnabled":true},"in2DMode":false,"pivot":{"x":0.08509477972984314,"y":0.38802212476730349,"z":-0.10941097140312195},"rotation":{"x":-0.2960069179534912,"y":-0.3151875436306,"z":-0.10416267812252045,"w":0.8956589102745056},"size":0.23327301442623139,"orthographic":false}