{"cameraMode":{"drawMode":0,"name":"Shaded","section":"Shading Mode"},"sceneLighting":false,"audioPlay":false,"sceneViewState":{"m_AlwaysRefresh":false,"showFog":true,"showSkybox":false,"showFlares":true,"showImageEffects":true,"showParticleSystems":true,"showVisualEffectGraphs":true,"m_FxEnabled":true},"in2DMode":false,"pivot":{"x":0.014429092407226563,"y":1.3385019302368165,"z":-0.18984246253967286},"rotation":{"x":-0.15965868532657624,"y":-0.3132309019565582,"z":-0.05350164324045181,"w":0.9346396327018738},"size":0.8660253882408142,"orthographic":false}